,Id,Value,Date
0,Sistema,11143407100.0,2020-01-01
1,Sistema,11128500500.0,2020-01-02
2,Sistema,11085096800.0,2020-01-03
3,Sistema,11029565400.0,2020-01-04
4,Sistema,10985194800.0,2020-01-05
5,Sistema,10936518600.0,2020-01-06
6,Sistema,10865509100.0,2020-01-07
7,Sistema,10794117600.0,2020-01-08
8,Sistema,10713759400.0,2020-01-09
9,Sistema,10627709400.0,2020-01-10
10,Sistema,10548177800.0,2020-01-11
11,Sistema,10480575500.0,2020-01-12
12,Sistema,10395453400.0,2020-01-13
13,Sistema,10313712700.0,2020-01-14
14,Sistema,10231492700.0,2020-01-15
15,Sistema,10100375200.0,2020-01-16
16,Sistema,10058410300.0,2020-01-17
17,Sistema,9984644600.0,2020-01-18
18,Sistema,9929190200.0,2020-01-19
19,Sistema,9857566700.0,2020-01-20
20,Sistema,9794731700.0,2020-01-21
21,Sistema,9742051900.0,2020-01-22
22,Sistema,9682472400.0,2020-01-23
23,Sistema,9614884300.0,2020-01-24
24,Sistema,9545590600.0,2020-01-25
25,Sistema,9504753200.0,2020-01-26
26,Sistema,9448366800.0,2020-01-27
27,Sistema,9386247600.0,2020-01-28
28,Sistema,9312355500.0,2020-01-29
29,Sistema,9233215100.0,2020-01-30
30,Sistema,9156605000.0,2020-01-31
31,Sistema,9086834300.0,2020-02-01
32,Sistema,9035375100.0,2020-02-02
33,Sistema,8937872200.0,2020-02-03
34,Sistema,8880113400.0,2020-02-04
35,Sistema,8801760900.0,2020-02-05
36,Sistema,8721198600.0,2020-02-06
37,Sistema,8634660600.0,2020-02-07
38,Sistema,8551249700.0,2020-02-08
39,Sistema,8504963700.0,2020-02-09
40,Sistema,8413781700.0,2020-02-10
41,Sistema,8321985900.0,2020-02-11
42,Sistema,8229162000.0,2020-02-12
43,Sistema,8137546600.0,2020-02-13
44,Sistema,8053344400.0,2020-02-14
45,Sistema,8011205000.0,2020-02-15
46,Sistema,7965994600.0,2020-02-16
47,Sistema,7901782500.0,2020-02-17
48,Sistema,7798549400.0,2020-02-18
49,Sistema,7696262900.0,2020-02-19
50,Sistema,7621493100.0,2020-02-20
51,Sistema,7570327500.0,2020-02-21
52,Sistema,7559418200.0,2020-02-22
53,Sistema,7571818100.0,2020-02-23
54,Sistema,7559320100.0,2020-02-24
55,Sistema,7549110700.0,2020-02-25
56,Sistema,7531368600.0,2020-02-26
57,Sistema,7481056700.0,2020-02-27
58,Sistema,7403347300.0,2020-02-28
59,Sistema,7340691400.0,2020-02-29
60,Sistema,7306073600.0,2020-03-01
61,Sistema,7247900200.0,2020-03-02
62,Sistema,7190657700.0,2020-03-03
63,Sistema,7134906800.0,2020-03-04
64,Sistema,7050169100.0,2020-03-05
65,Sistema,6972296100.0,2020-03-06
66,Sistema,6921633500.0,2020-03-07
67,Sistema,6879651400.0,2020-03-08
68,Sistema,6823697000.0,2020-03-09
69,Sistema,6752149000.0,2020-03-10
70,Sistema,6713056900.0,2020-03-11
71,Sistema,6664465900.0,2020-03-12
72,Sistema,6625218100.0,2020-03-13
73,Sistema,6615865200.0,2020-03-14
74,Sistema,6602628700.0,2020-03-15
75,Sistema,6554337200.0,2020-03-16
76,Sistema,6509283100.0,2020-03-17
77,Sistema,6458166300.0,2020-03-18
78,Sistema,6402269900.0,2020-03-19
79,Sistema,6364029600.0,2020-03-20
80,Sistema,6313646700.0,2020-03-21
81,Sistema,6275856000.0,2020-03-22
82,Sistema,6210783500.0,2020-03-23
83,Sistema,6153406200.0,2020-03-24
84,Sistema,6108396500.0,2020-03-25
85,Sistema,6064013500.0,2020-03-26
86,Sistema,6006924000.0,2020-03-27
87,Sistema,5957191400.0,2020-03-28
88,Sistema,5903641500.0,2020-03-29
89,Sistema,5871789700.0,2020-03-30
90,Sistema,5858469200.0,2020-03-31
91,Sistema,5901694400.0,2020-04-01
92,Sistema,5882725500.0,2020-04-02
93,Sistema,5862409900.0,2020-04-03
94,Sistema,5846609200.0,2020-04-04
95,Sistema,5827244600.0,2020-04-05
96,Sistema,5781532700.0,2020-04-06
97,Sistema,5800484600.0,2020-04-07
98,Sistema,5775718400.0,2020-04-08
99,Sistema,5776487000.0,2020-04-09
100,Sistema,5761100000.0,2020-04-10
101,Sistema,5833236900.0,2020-04-11
102,Sistema,5835522400.0,2020-04-12
103,Sistema,5803075800.0,2020-04-13
104,Sistema,5765858200.0,2020-04-14
105,Sistema,5740209400.0,2020-04-15
106,Sistema,5692473200.0,2020-04-16
107,Sistema,5644884600.0,2020-04-17
108,Sistema,5648154400.0,2020-04-18
109,Sistema,5643263700.0,2020-04-19
110,Sistema,5617994400.0,2020-04-20
111,Sistema,5621111500.0,2020-04-21
112,Sistema,5599969400.0,2020-04-22
113,Sistema,5627548700.0,2020-04-23
114,Sistema,5598609500.0,2020-04-24
115,Sistema,5548452000.0,2020-04-25
116,Sistema,5514097300.0,2020-04-26
117,Sistema,5458484400.0,2020-04-27
118,Sistema,5462591000.0,2020-04-28
119,Sistema,5433584600.0,2020-04-29
120,Sistema,5405007800.0,2020-04-30
121,Sistema,5454305600.0,2020-05-01
122,Sistema,5454515300.0,2020-05-02
123,Sistema,5493990900.0,2020-05-03
124,Sistema,5504030100.0,2020-05-04
125,Sistema,5510860100.0,2020-05-05
126,Sistema,5490894400.0,2020-05-06
127,Sistema,5556833800.0,2020-05-07
128,Sistema,5568398000.0,2020-05-08
129,Sistema,5566133100.0,2020-05-09
130,Sistema,5567453600.0,2020-05-10
131,Sistema,5548550100.0,2020-05-11
132,Sistema,5512907000.0,2020-05-12
133,Sistema,5527235700.0,2020-05-13
134,Sistema,5489554700.0,2020-05-14
135,Sistema,5466205800.0,2020-05-15
136,Sistema,5487646200.0,2020-05-16
137,Sistema,5523048900.0,2020-05-17
138,Sistema,5562847600.0,2020-05-18
139,Sistema,5664768700.0,2020-05-19
140,Sistema,5677414200.0,2020-05-20
141,Sistema,5643875600.0,2020-05-21
142,Sistema,5620884600.0,2020-05-22
143,Sistema,5595805800.0,2020-05-23
144,Sistema,5577916500.0,2020-05-24
145,Sistema,5578312700.0,2020-05-25
146,Sistema,5586101500.0,2020-05-26
147,Sistema,5650365600.0,2020-05-27
148,Sistema,5720269500.0,2020-05-28
149,Sistema,5745101900.0,2020-05-29
150,Sistema,5869690900.0,2020-05-30
151,Sistema,5974134100.0,2020-05-31
152,Sistema,6070320500.0,2020-06-01
153,Sistema,6117803600.0,2020-06-02
154,Sistema,6146467100.0,2020-06-03
155,Sistema,6194860500.0,2020-06-04
156,Sistema,6192223200.0,2020-06-05
157,Sistema,6298968600.0,2020-06-06
158,Sistema,6346004400.0,2020-06-07
159,Sistema,6337306300.0,2020-06-08
160,Sistema,6323402300.0,2020-06-09
161,Sistema,6391206000.0,2020-06-10
162,Sistema,6485835200.0,2020-06-11
163,Sistema,6645308100.0,2020-06-12
164,Sistema,6699048100.0,2020-06-13
165,Sistema,6780087000.0,2020-06-14
166,Sistema,6888733500.0,2020-06-15
167,Sistema,6913201700.0,2020-06-16
168,Sistema,6991028500.0,2020-06-17
169,Sistema,7030196700.0,2020-06-18
170,Sistema,7072781700.0,2020-06-19
171,Sistema,7234367600.0,2020-06-20
172,Sistema,7416043300.0,2020-06-21
173,Sistema,7551785600.0,2020-06-22
174,Sistema,7643220900.0,2020-06-23
175,Sistema,7678812300.0,2020-06-24
176,Sistema,7699717200.0,2020-06-25
177,Sistema,7763530400.0,2020-06-26
178,Sistema,7832288700.0,2020-06-27
179,Sistema,7985399500.0,2020-06-28
180,Sistema,8028928000.0,2020-06-29
181,Sistema,8053120600.0,2020-06-30
182,Sistema,8104476300.0,2020-07-01
183,Sistema,8293075100.0,2020-07-02
184,Sistema,8389608800.0,2020-07-03
185,Sistema,8637366600.0,2020-07-04
186,Sistema,8842627200.0,2020-07-05
187,Sistema,8935099300.0,2020-07-06
188,Sistema,9016761100.0,2020-07-07
189,Sistema,9103798300.0,2020-07-08
190,Sistema,9214621700.0,2020-07-09
191,Sistema,9264022300.0,2020-07-10
192,Sistema,9395785100.0,2020-07-11
193,Sistema,9467431600.0,2020-07-12
194,Sistema,9523162000.0,2020-07-13
195,Sistema,9595581700.0,2020-07-14
196,Sistema,9609997900.0,2020-07-15
197,Sistema,9637895900.0,2020-07-16
198,Sistema,9655784800.0,2020-07-17
199,Sistema,9652752600.0,2020-07-18
200,Sistema,9666150400.0,2020-07-19
201,Sistema,9677676700.0,2020-07-20
202,Sistema,9699986500.0,2020-07-21
203,Sistema,9730548500.0,2020-07-22
204,Sistema,9758605400.0,2020-07-23
205,Sistema,9875229600.0,2020-07-24
206,Sistema,10148018800.0,2020-07-25
207,Sistema,10282287600.0,2020-07-26
208,Sistema,10441172500.0,2020-07-27
209,Sistema,10521784000.0,2020-07-28
210,Sistema,10542487800.0,2020-07-29
211,Sistema,10591791200.0,2020-07-30
212,Sistema,10610971400.0,2020-07-31
213,Sistema,10619792700.0,2020-08-01
214,Sistema,10611107300.0,2020-08-02
215,Sistema,10572002800.0,2020-08-03
216,Sistema,10527222900.0,2020-08-04
217,Sistema,10485021400.0,2020-08-05
218,Sistema,10453632500.0,2020-08-06
219,Sistema,10428933300.0,2020-08-07
220,Sistema,10473416000.0,2020-08-08
221,Sistema,10466917700.0,2020-08-09
222,Sistema,10435732100.0,2020-08-10
223,Sistema,10417421500.0,2020-08-11
224,Sistema,10410268000.0,2020-08-12
225,Sistema,10457338200.0,2020-08-13
226,Sistema,10519057700.0,2020-08-14
227,Sistema,10567812200.0,2020-08-15
228,Sistema,10615492100.0,2020-08-16
229,Sistema,10676786700.0,2020-08-17
230,Sistema,10659681700.0,2020-08-18
231,Sistema,10653620500.0,2020-08-19
232,Sistema,10731452000.0,2020-08-20
233,Sistema,10780382300.0,2020-08-21
234,Sistema,10893042100.0,2020-08-22
235,Sistema,10968993600.0,2020-08-23
236,Sistema,10999148400.0,2020-08-24
237,Sistema,11049504800.0,2020-08-25
238,Sistema,11070392300.0,2020-08-26
239,Sistema,11051095600.0,2020-08-27
240,Sistema,11063099700.0,2020-08-28
241,Sistema,11032324200.0,2020-08-29
242,Sistema,11036957600.0,2020-08-30
243,Sistema,10993123700.0,2020-08-31
244,Sistema,10988001600.0,2020-09-01
245,Sistema,10992596600.0,2020-09-02
246,Sistema,10986997200.0,2020-09-03
247,Sistema,11041239800.0,2020-09-04
248,Sistema,11089497300.0,2020-09-05
249,Sistema,11150445900.0,2020-09-06
250,Sistema,11164712400.0,2020-09-07
251,Sistema,11319384300.0,2020-09-08
252,Sistema,11325924700.0,2020-09-09
253,Sistema,11325519200.0,2020-09-10
254,Sistema,11316067400.0,2020-09-11
255,Sistema,11343237600.0,2020-09-12
256,Sistema,11363712400.0,2020-09-13
257,Sistema,11356755000.0,2020-09-14
258,Sistema,11338782400.0,2020-09-15
259,Sistema,11344249900.0,2020-09-16
260,Sistema,11336418700.0,2020-09-17
261,Sistema,11385412700.0,2020-09-18
262,Sistema,11446226500.0,2020-09-19
263,Sistema,11515951700.0,2020-09-20
264,Sistema,11566625300.0,2020-09-21
265,Sistema,11598489900.0,2020-09-22
266,Sistema,11631312800.0,2020-09-23
267,Sistema,11650265300.0,2020-09-24
268,Sistema,11662544500.0,2020-09-25
269,Sistema,11676977700.0,2020-09-26
270,Sistema,11717973000.0,2020-09-27
271,Sistema,11701275400.0,2020-09-28
272,Sistema,11676774000.0,2020-09-29
273,Sistema,11696674200.0,2020-09-30
274,Sistema,11684803600.0,2020-10-01
275,Sistema,11685143100.0,2020-10-02
276,Sistema,11649381800.0,2020-10-03
277,Sistema,11725144400.0,2020-10-04
278,Sistema,11726060300.0,2020-10-05
279,Sistema,11759633300.0,2020-10-06
280,Sistema,11733276800.0,2020-10-07
281,Sistema,11732474700.0,2020-10-08
282,Sistema,11732281900.0,2020-10-09
283,Sistema,11709901600.0,2020-10-10
284,Sistema,11671670700.0,2020-10-11
285,Sistema,11655512400.0,2020-10-12
286,Sistema,11667256200.0,2020-10-13
287,Sistema,11675581100.0,2020-10-14
288,Sistema,11647996400.0,2020-10-15
289,Sistema,11615358900.0,2020-10-16
290,Sistema,11575339400.0,2020-10-17
291,Sistema,11572090700.0,2020-10-18
292,Sistema,11556592300.0,2020-10-19
293,Sistema,11517431300.0,2020-10-20
294,Sistema,11483559200.0,2020-10-21
295,Sistema,11497870100.0,2020-10-22
296,Sistema,11483428600.0,2020-10-23
297,Sistema,11536975300.0,2020-10-24
298,Sistema,11536361700.0,2020-10-25
299,Sistema,11517594200.0,2020-10-26
300,Sistema,11472944600.0,2020-10-27
301,Sistema,11454777300.0,2020-10-28
302,Sistema,11431772800.0,2020-10-29
303,Sistema,11389142700.0,2020-10-30
304,Sistema,11498831000.0,2020-10-31
305,Sistema,11676045000.0,2020-11-01
306,Sistema,11702859500.0,2020-11-02
307,Sistema,11714768600.0,2020-11-03
308,Sistema,11703602800.0,2020-11-04
309,Sistema,11718728300.0,2020-11-05
310,Sistema,11753286600.0,2020-11-06
311,Sistema,11757091200.0,2020-11-07
312,Sistema,11791355900.0,2020-11-08
313,Sistema,11786934300.0,2020-11-09
314,Sistema,11842220800.0,2020-11-10
315,Sistema,12022020200.0,2020-11-11
316,Sistema,12102760100.0,2020-11-12
317,Sistema,12306993200.0,2020-11-13
318,Sistema,12441919900.0,2020-11-14
319,Sistema,12535272000.0,2020-11-15
320,Sistema,12646015000.0,2020-11-16
321,Sistema,12719178900.0,2020-11-17
322,Sistema,12823648300.0,2020-11-18
323,Sistema,12869123900.0,2020-11-19
324,Sistema,12869525700.0,2020-11-20
325,Sistema,12905680200.0,2020-11-21
326,Sistema,12924859800.0,2020-11-22
327,Sistema,12910292100.0,2020-11-23
328,Sistema,12900196800.0,2020-11-24
329,Sistema,12872504300.0,2020-11-25
330,Sistema,12860939200.0,2020-11-26
331,Sistema,12791897300.0,2020-11-27
332,Sistema,12929555600.0,2020-11-28
333,Sistema,12993958900.0,2020-11-29
334,Sistema,12971922100.0,2020-11-30
335,Sistema,12961778700.0,2020-12-01
336,Sistema,12966947700.0,2020-12-02
337,Sistema,13035773900.0,2020-12-03
338,Sistema,13020341300.0,2020-12-04
339,Sistema,12994430400.0,2020-12-05
340,Sistema,13007256800.0,2020-12-06
341,Sistema,12981152000.0,2020-12-07
342,Sistema,12959186200.0,2020-12-08
343,Sistema,12884375000.0,2020-12-09
344,Sistema,12850088800.0,2020-12-10
345,Sistema,12768674600.0,2020-12-11
346,Sistema,12707059900.0,2020-12-12
347,Sistema,12665101200.0,2020-12-13
348,Sistema,12600925500.0,2020-12-14
349,Sistema,12561372500.0,2020-12-15
350,Sistema,12509228800.0,2020-12-16
351,Sistema,12454254000.0,2020-12-17
352,Sistema,12407537100.0,2020-12-18
353,Sistema,12372511000.0,2020-12-19
354,Sistema,12364250200.0,2020-12-20
355,Sistema,12273286600.0,2020-12-21
356,Sistema,12276929000.0,2020-12-22
357,Sistema,12226734500.0,2020-12-23
358,Sistema,12212373400.0,2020-12-24
359,Sistema,12259422700.0,2020-12-25
360,Sistema,12278883800.0,2020-12-26
361,Sistema,12265948600.0,2020-12-27
362,Sistema,12246116100.0,2020-12-28
363,Sistema,12212356700.0,2020-12-29
364,Sistema,12180214100.0,2020-12-30
365,Sistema,12165376700.0,2020-12-31
366,Sistema,12171761700.0,2021-01-01
367,Sistema,12162106100.0,2021-01-02
368,Sistema,12162884000.0,2021-01-03
369,Sistema,12119595700.0,2021-01-04
370,Sistema,12072113100.0,2021-01-05
371,Sistema,12020454700.0,2021-01-06
372,Sistema,11979108800.0,2021-01-07
373,Sistema,11965869800.0,2021-01-08
374,Sistema,11950118500.0,2021-01-09
375,Sistema,11961274700.0,2021-01-10
376,Sistema,12022436300.0,2021-01-11
377,Sistema,12003349600.0,2021-01-12
378,Sistema,11945783500.0,2021-01-13
379,Sistema,11870237900.0,2021-01-14
380,Sistema,11781128200.0,2021-01-15
381,Sistema,11696293700.0,2021-01-16
382,Sistema,11637956600.0,2021-01-17
383,Sistema,11533665300.0,2021-01-18
384,Sistema,11444568300.0,2021-01-19
385,Sistema,11357557600.0,2021-01-20
386,Sistema,11259784600.0,2021-01-21
387,Sistema,11181559500.0,2021-01-22
388,Sistema,11139764000.0,2021-01-23
389,Sistema,11115194800.0,2021-01-24
390,Sistema,11072344600.0,2021-01-25
391,Sistema,11013608900.0,2021-01-26
392,Sistema,10942821600.0,2021-01-27
393,Sistema,10863533900.0,2021-01-28
394,Sistema,10770901800.0,2021-01-29
395,Sistema,10690596800.0,2021-01-30
396,Sistema,10624782700.0,2021-01-31
397,Sistema,10539037900.0,2021-02-01
398,Sistema,10451283600.0,2021-02-02
399,Sistema,10388074300.0,2021-02-03
400,Sistema,10299547100.0,2021-02-04
401,Sistema,10241624000.0,2021-02-05
402,Sistema,10173988400.0,2021-02-06
403,Sistema,10113266800.0,2021-02-07
404,Sistema,10029650600.0,2021-02-08
405,Sistema,9995169700.0,2021-02-09
406,Sistema,9931920600.0,2021-02-10
407,Sistema,9863207700.0,2021-02-11
408,Sistema,9796615300.0,2021-02-12
409,Sistema,9734660100.0,2021-02-13
410,Sistema,9685078300.0,2021-02-14
411,Sistema,9631228100.0,2021-02-15
412,Sistema,9550632000.0,2021-02-16
413,Sistema,9461997300.0,2021-02-17
414,Sistema,9386231400.0,2021-02-18
415,Sistema,9339775600.0,2021-02-19
416,Sistema,9280589500.0,2021-02-20
417,Sistema,9253353400.0,2021-02-21
418,Sistema,9214572000.0,2021-02-22
419,Sistema,9161107200.0,2021-02-23
420,Sistema,9089945500.0,2021-02-24
421,Sistema,9063169700.0,2021-02-25
422,Sistema,9040644900.0,2021-02-26
423,Sistema,9054573100.0,2021-02-27
424,Sistema,9053026300.0,2021-02-28
425,Sistema,9034500800.0,2021-03-01
426,Sistema,9042614500.0,2021-03-02
427,Sistema,9031334800.0,2021-03-03
428,Sistema,8999454800.0,2021-03-04
429,Sistema,8974913400.0,2021-03-05
430,Sistema,8966124200.0,2021-03-06
431,Sistema,9012474300.0,2021-03-07
432,Sistema,9076556800.0,2021-03-08
433,Sistema,9059198800.0,2021-03-09
434,Sistema,9030960400.0,2021-03-10
435,Sistema,8994696900.0,2021-03-11
436,Sistema,9032150800.0,2021-03-12
437,Sistema,9077190800.0,2021-03-13
438,Sistema,9096652400.0,2021-03-14
439,Sistema,9127469500.0,2021-03-15
440,Sistema,9190114100.0,2021-03-16
441,Sistema,9250946600.0,2021-03-17
442,Sistema,9347440800.0,2021-03-18
443,Sistema,9391202900.0,2021-03-19
444,Sistema,9457313200.0,2021-03-20
445,Sistema,9511811200.0,2021-03-21
446,Sistema,9571447900.0,2021-03-22
447,Sistema,9573331900.0,2021-03-23
448,Sistema,9636430300.0,2021-03-24
449,Sistema,9633278100.0,2021-03-25
450,Sistema,9663323100.0,2021-03-26
451,Sistema,9716994900.0,2021-03-27
452,Sistema,9731157900.0,2021-03-28
453,Sistema,9729450100.0,2021-03-29
454,Sistema,9783530500.0,2021-03-30
455,Sistema,9794826100.0,2021-03-31
456,Sistema,9806823000.0,2021-04-01
457,Sistema,9819360800.0,2021-04-02
458,Sistema,9868429300.0,2021-04-03
459,Sistema,9924242900.0,2021-04-04
460,Sistema,9944858900.0,2021-04-05
461,Sistema,10018197100.0,2021-04-06
462,Sistema,10033162600.0,2021-04-07
463,Sistema,10038456300.0,2021-04-08
464,Sistema,10150071200.0,2021-04-09
465,Sistema,10165494900.0,2021-04-10
466,Sistema,10180571600.0,2021-04-11
467,Sistema,10340528400.0,2021-04-12
468,Sistema,10338834000.0,2021-04-13
469,Sistema,10317364100.0,2021-04-14
470,Sistema,10316488400.0,2021-04-15
471,Sistema,10331474700.0,2021-04-16
472,Sistema,10376535400.0,2021-04-17
473,Sistema,10403600600.0,2021-04-18
474,Sistema,10396559200.0,2021-04-19
475,Sistema,10344855500.0,2021-04-20
476,Sistema,10313396800.0,2021-04-21
477,Sistema,10261579000.0,2021-04-22
478,Sistema,10272723500.0,2021-04-23
479,Sistema,10259654900.0,2021-04-24
480,Sistema,10245138300.0,2021-04-25
481,Sistema,10209938700.0,2021-04-26
482,Sistema,10242907900.0,2021-04-27
483,Sistema,10287759000.0,2021-04-28
484,Sistema,10398760300.0,2021-04-29
485,Sistema,10629658700.0,2021-04-30
486,Sistema,10717408200.0,2021-05-01
487,Sistema,10892378600.0,2021-05-02
488,Sistema,11156339800.0,2021-05-03
489,Sistema,11340107900.0,2021-05-04
490,Sistema,11927628000.0,2021-05-05
491,Sistema,11598408000.0,2021-05-06
492,Sistema,11701538000.0,2021-05-07
493,Sistema,11852659900.0,2021-05-08
494,Sistema,12021860600.0,2021-05-09
495,Sistema,12248057200.0,2021-05-10
496,Sistema,12337420700.0,2021-05-11
497,Sistema,12414124900.0,2021-05-12
498,Sistema,12478140000.0,2021-05-13
499,Sistema,12514308600.0,2021-05-14
500,Sistema,12564262800.0,2021-05-15
501,Sistema,12686195600.0,2021-05-16
502,Sistema,12936882300.0,2021-05-17
503,Sistema,13127059600.0,2021-05-18
504,Sistema,13173863200.0,2021-05-19
505,Sistema,13152628300.0,2021-05-20
506,Sistema,13110523500.0,2021-05-21
507,Sistema,13120914200.0,2021-05-22
508,Sistema,13164443000.0,2021-05-23
509,Sistema,13186845600.0,2021-05-24
510,Sistema,13278979000.0,2021-05-25
511,Sistema,13317120100.0,2021-05-26
512,Sistema,13363939900.0,2021-05-27
513,Sistema,13374387000.0,2021-05-28
514,Sistema,13422160200.0,2021-05-29
515,Sistema,13493150800.0,2021-05-30
516,Sistema,13563512600.0,2021-05-31
517,Sistema,13761999000.0,2021-06-01
518,Sistema,13798709000.0,2021-06-02
519,Sistema,13795521200.0,2021-06-03
520,Sistema,13764586000.0,2021-06-04
521,Sistema,13703407700.0,2021-06-05
522,Sistema,13725443800.0,2021-06-06
523,Sistema,13708918200.0,2021-06-07
524,Sistema,13827656400.0,2021-06-08
525,Sistema,13885862800.0,2021-06-09
526,Sistema,13874680200.0,2021-06-10
527,Sistema,13897092900.0,2021-06-11
528,Sistema,13972114400.0,2021-06-12
529,Sistema,14061151100.0,2021-06-13
530,Sistema,14133345600.0,2021-06-14
531,Sistema,14138027600.0,2021-06-15
532,Sistema,14132633800.0,2021-06-16
533,Sistema,14108261200.0,2021-06-17
534,Sistema,14109103500.0,2021-06-18
535,Sistema,14129954900.0,2021-06-19
536,Sistema,14321377900.0,2021-06-20
537,Sistema,14415630100.0,2021-06-21
538,Sistema,14409041100.0,2021-06-22
539,Sistema,14380074900.0,2021-06-23
540,Sistema,14401780100.0,2021-06-24
541,Sistema,14376319200.0,2021-06-25
542,Sistema,14349391900.0,2021-06-26
543,Sistema,14314109400.0,2021-06-27
544,Sistema,14272431600.0,2021-06-28
545,Sistema,14240520200.0,2021-06-29
546,Sistema,14217436300.0,2021-06-30
547,Sistema,14204031700.0,2021-07-01
548,Sistema,14205975100.0,2021-07-02
549,Sistema,14129589300.0,2021-07-03
550,Sistema,14108982800.0,2021-07-04
551,Sistema,14081058500.0,2021-07-05
552,Sistema,14037833500.0,2021-07-06
553,Sistema,13976405200.0,2021-07-07
554,Sistema,14013827100.0,2021-07-08
555,Sistema,14100438300.0,2021-07-09
556,Sistema,14126973600.0,2021-07-10
557,Sistema,14220076900.0,2021-07-11
558,Sistema,14212703700.0,2021-07-12
559,Sistema,14223839700.0,2021-07-13
560,Sistema,14221717300.0,2021-07-14
561,Sistema,14206610100.0,2021-07-15
562,Sistema,14245217000.0,2021-07-16
563,Sistema,14319504600.0,2021-07-17
564,Sistema,14374042000.0,2021-07-18
565,Sistema,14347491300.0,2021-07-19
566,Sistema,14327253500.0,2021-07-20
567,Sistema,14365193100.0,2021-07-21
568,Sistema,14412036100.0,2021-07-22
569,Sistema,14489104000.0,2021-07-23
570,Sistema,14460795700.0,2021-07-24
571,Sistema,14521505500.0,2021-07-25
572,Sistema,14515413500.0,2021-07-26
573,Sistema,14532299700.0,2021-07-27
574,Sistema,14511139900.0,2021-07-28
575,Sistema,14486961300.0,2021-07-29
576,Sistema,14531882600.0,2021-07-30
577,Sistema,14493050400.0,2021-07-31
578,Sistema,14469984100.0,2021-08-01
579,Sistema,14431618900.0,2021-08-02
580,Sistema,14406394300.0,2021-08-03
581,Sistema,14360312500.0,2021-08-04
582,Sistema,14306713400.0,2021-08-05
583,Sistema,14243141500.0,2021-08-06
584,Sistema,14198925300.0,2021-08-07
585,Sistema,14177291200.0,2021-08-08
586,Sistema,14138586000.0,2021-08-09
587,Sistema,14194879100.0,2021-08-10
588,Sistema,14204188700.0,2021-08-11
589,Sistema,14276076700.0,2021-08-12
590,Sistema,14342053800.0,2021-08-13
591,Sistema,14415398100.0,2021-08-14
592,Sistema,14488230000.0,2021-08-15
593,Sistema,14509121000.0,2021-08-16
594,Sistema,14595334100.0,2021-08-17
595,Sistema,14618568100.0,2021-08-18
596,Sistema,14629425700.0,2021-08-19
597,Sistema,14644645100.0,2021-08-20
598,Sistema,14629973600.0,2021-08-21
599,Sistema,14615825400.0,2021-08-22
600,Sistema,14653408500.0,2021-08-23
601,Sistema,14660913900.0,2021-08-24
602,Sistema,14675891200.0,2021-08-25
603,Sistema,14658193800.0,2021-08-26
604,Sistema,14615104300.0,2021-08-27
605,Sistema,14610655100.0,2021-08-28
606,Sistema,14585196300.0,2021-08-29
607,Sistema,14613283800.0,2021-08-30
608,Sistema,14616606000.0,2021-08-31
609,Sistema,14608427200.0,2021-09-01
610,Sistema,14560217100.0,2021-09-02
611,Sistema,14502026000.0,2021-09-03
612,Sistema,14477217000.0,2021-09-04
613,Sistema,14520515200.0,2021-09-05
614,Sistema,14525372100.0,2021-09-06
615,Sistema,14551808600.0,2021-09-07
616,Sistema,14555028700.0,2021-09-08
617,Sistema,14509292700.0,2021-09-09
618,Sistema,14469766600.0,2021-09-10
619,Sistema,14496220600.0,2021-09-11
620,Sistema,14484441900.0,2021-09-12
621,Sistema,14450613800.0,2021-09-13
622,Sistema,14390068300.0,2021-09-14
623,Sistema,14388121900.0,2021-09-15
624,Sistema,14341251100.0,2021-09-16
625,Sistema,14268685600.0,2021-09-17
626,Sistema,14209458400.0,2021-09-18
627,Sistema,14201569200.0,2021-09-19
628,Sistema,14155385200.0,2021-09-20
629,Sistema,14186059200.0,2021-09-21
630,Sistema,14230417600.0,2021-09-22
631,Sistema,14391221800.0,2021-09-23
632,Sistema,14391951800.0,2021-09-24
633,Sistema,14356511600.0,2021-09-25
634,Sistema,14320973100.0,2021-09-26
635,Sistema,14261372500.0,2021-09-27
636,Sistema,14218484700.0,2021-09-28
637,Sistema,14209970400.0,2021-09-29
638,Sistema,14244065600.0,2021-09-30
639,Sistema,14228383000.0,2021-10-01
640,Sistema,14240744600.0,2021-10-02
641,Sistema,14241432100.0,2021-10-03
642,Sistema,14192020500.0,2021-10-04
643,Sistema,14162190400.0,2021-10-05
644,Sistema,14200081100.0,2021-10-06
645,Sistema,14221400300.0,2021-10-07
646,Sistema,14194763900.0,2021-10-08
647,Sistema,14160640300.0,2021-10-09
648,Sistema,14161886200.0,2021-10-10
649,Sistema,14174105700.0,2021-10-11
650,Sistema,14128147300.0,2021-10-12
651,Sistema,14102730000.0,2021-10-13
652,Sistema,14089985500.0,2021-10-14
653,Sistema,14071394100.0,2021-10-15
654,Sistema,14130155600.0,2021-10-16
655,Sistema,14183052500.0,2021-10-17
656,Sistema,14158199600.0,2021-10-18
657,Sistema,14139489500.0,2021-10-19
658,Sistema,14124102800.0,2021-10-20
659,Sistema,14112309200.0,2021-10-21
660,Sistema,14118270400.0,2021-10-22
661,Sistema,14096583500.0,2021-10-23
662,Sistema,14081889300.0,2021-10-24
663,Sistema,14044933900.0,2021-10-25
664,Sistema,14107960600.0,2021-10-26
665,Sistema,14183996100.0,2021-10-27
666,Sistema,14210753300.0,2021-10-28
667,Sistema,14245602600.0,2021-10-29
668,Sistema,14255296400.0,2021-10-30
669,Sistema,14288359700.0,2021-10-31
670,Sistema,14299291900.0,2021-11-01
671,Sistema,14283194300.0,2021-11-02
672,Sistema,14320934600.0,2021-11-03
673,Sistema,14394374900.0,2021-11-04
674,Sistema,14352735200.0,2021-11-05
675,Sistema,14297406100.0,2021-11-06
676,Sistema,14282913400.0,2021-11-07
677,Sistema,14260065200.0,2021-11-08
678,Sistema,14269663600.0,2021-11-09
679,Sistema,14281938100.0,2021-11-10
680,Sistema,14267357900.0,2021-11-11
681,Sistema,14237923900.0,2021-11-12
682,Sistema,14245499300.0,2021-11-13
683,Sistema,14253443900.0,2021-11-14
684,Sistema,14240654600.0,2021-11-15
685,Sistema,14186142500.0,2021-11-16
686,Sistema,14129669200.0,2021-11-17
687,Sistema,14066735200.0,2021-11-18
688,Sistema,14019888800.0,2021-11-19
689,Sistema,14019848200.0,2021-11-20
690,Sistema,14009166700.0,2021-11-21
691,Sistema,13984919600.0,2021-11-22
692,Sistema,14013611400.0,2021-11-23
693,Sistema,14074379900.0,2021-11-24
694,Sistema,14154528500.0,2021-11-25
695,Sistema,14226070600.0,2021-11-26
696,Sistema,14277721400.0,2021-11-27
697,Sistema,14274098500.0,2021-11-28
698,Sistema,14252121800.0,2021-11-29
699,Sistema,14248816500.0,2021-11-30
700,Sistema,14253818200.0,2021-12-01
701,Sistema,14215151800.0,2021-12-02
702,Sistema,14181151600.0,2021-12-03
703,Sistema,14163122900.0,2021-12-04
704,Sistema,14144300100.0,2021-12-05
705,Sistema,14096326300.0,2021-12-06
706,Sistema,14030045800.0,2021-12-07
707,Sistema,13976559700.0,2021-12-08
708,Sistema,13904758700.0,2021-12-09
709,Sistema,13839122600.0,2021-12-10
710,Sistema,13792109700.0,2021-12-11
711,Sistema,13789630300.0,2021-12-12
712,Sistema,13756842400.0,2021-12-13
713,Sistema,13702847900.0,2021-12-14
714,Sistema,13649083600.0,2021-12-15
715,Sistema,13596220500.0,2021-12-16
716,Sistema,13549814700.0,2021-12-17
717,Sistema,13533197300.0,2021-12-18
718,Sistema,13515933100.0,2021-12-19
719,Sistema,13482777000.0,2021-12-20
720,Sistema,13463957500.0,2021-12-21
721,Sistema,13448708700.0,2021-12-22
722,Sistema,13426854100.0,2021-12-23
723,Sistema,13403630900.0,2021-12-24
724,Sistema,13384112400.0,2021-12-25
725,Sistema,13390388800.0,2021-12-26
726,Sistema,13382111100.0,2021-12-27
727,Sistema,13363232200.0,2021-12-28
728,Sistema,13353191300.0,2021-12-29
729,Sistema,13336968300.0,2021-12-30
730,Sistema,13308821700.0,2021-12-31
731,Sistema,13311051600.0,2022-01-01
732,Sistema,13302118300.0,2022-01-02
733,Sistema,13264100500.0,2022-01-03
734,Sistema,13205058100.0,2022-01-04
735,Sistema,13113998400.0,2022-01-05
736,Sistema,13068306200.0,2022-01-06
737,Sistema,13028397000.0,2022-01-07
738,Sistema,12958364400.0,2022-01-08
739,Sistema,12896967200.0,2022-01-09
740,Sistema,12839280500.0,2022-01-10
741,Sistema,12763892200.0,2022-01-11
742,Sistema,12697705100.0,2022-01-12
743,Sistema,12644091000.0,2022-01-13
744,Sistema,12639088500.0,2022-01-14
745,Sistema,12589522200.0,2022-01-15
746,Sistema,12537013200.0,2022-01-16
747,Sistema,12463374200.0,2022-01-17
748,Sistema,12388813300.0,2022-01-18
749,Sistema,12300542900.0,2022-01-19
750,Sistema,12205054000.0,2022-01-20
751,Sistema,12112275400.0,2022-01-21
752,Sistema,12057622800.0,2022-01-22
753,Sistema,11997359800.0,2022-01-23
754,Sistema,11913827600.0,2022-01-24
755,Sistema,11869000300.0,2022-01-25
756,Sistema,11800985200.0,2022-01-26
757,Sistema,11724951300.0,2022-01-27
758,Sistema,11643255100.0,2022-01-28
759,Sistema,11564578300.0,2022-01-29
760,Sistema,11498899800.0,2022-01-30
761,Sistema,11413882000.0,2022-01-31
762,Sistema,11321832600.0,2022-02-01
763,Sistema,11224969900.0,2022-02-02
764,Sistema,11134207400.0,2022-02-03
765,Sistema,11038863900.0,2022-02-04
766,Sistema,10976853700.0,2022-02-05
767,Sistema,10947345200.0,2022-02-06
768,Sistema,10898220800.0,2022-02-07
769,Sistema,10864255700.0,2022-02-08
770,Sistema,10832298400.0,2022-02-09
771,Sistema,10765148800.0,2022-02-10
772,Sistema,10687708000.0,2022-02-11
773,Sistema,10618748200.0,2022-02-12
774,Sistema,10571309300.0,2022-02-13
775,Sistema,10508260000.0,2022-02-14
776,Sistema,10445080800.0,2022-02-15
777,Sistema,10375138000.0,2022-02-16
778,Sistema,10292441500.0,2022-02-17
779,Sistema,10254790100.0,2022-02-18
780,Sistema,10218816600.0,2022-02-19
781,Sistema,10224717400.0,2022-02-20
782,Sistema,10219578700.0,2022-02-21
783,Sistema,10185418200.0,2022-02-22
784,Sistema,10125147600.0,2022-02-23
785,Sistema,10053321700.0,2022-02-24
786,Sistema,10005442200.0,2022-02-25
787,Sistema,9976714800.0,2022-02-26
788,Sistema,9992166100.0,2022-02-27
789,Sistema,10059599800.0,2022-02-28
790,Sistema,10111971100.0,2022-03-01
791,Sistema,10162327200.0,2022-03-02
792,Sistema,10182412200.0,2022-03-03
793,Sistema,10168560300.0,2022-03-04
794,Sistema,10161208800.0,2022-03-05
795,Sistema,10260930000.0,2022-03-06
796,Sistema,10298292100.0,2022-03-07
797,Sistema,10273878300.0,2022-03-08
798,Sistema,10214285000.0,2022-03-09
799,Sistema,10163659200.0,2022-03-10
800,Sistema,10113448000.0,2022-03-11
801,Sistema,10109497000.0,2022-03-12
802,Sistema,10088162100.0,2022-03-13
803,Sistema,10066045700.0,2022-03-14
804,Sistema,10043607400.0,2022-03-15
805,Sistema,10007356300.0,2022-03-16
806,Sistema,9971076400.0,2022-03-17
807,Sistema,9916501400.0,2022-03-18
808,Sistema,9867077100.0,2022-03-19
809,Sistema,9865861400.0,2022-03-20
810,Sistema,9853508600.0,2022-03-21
811,Sistema,9822632800.0,2022-03-22
812,Sistema,9775786100.0,2022-03-23
813,Sistema,9710363000.0,2022-03-24
814,Sistema,9643281100.0,2022-03-25
815,Sistema,9609897800.0,2022-03-26
816,Sistema,9645835000.0,2022-03-27
817,Sistema,9637067600.0,2022-03-28
818,Sistema,9660591100.0,2022-03-29
819,Sistema,9685139100.0,2022-03-30
820,Sistema,9732550100.0,2022-03-31
821,Sistema,9803762200.0,2022-04-01
822,Sistema,9825542200.0,2022-04-02
823,Sistema,9815087500.0,2022-04-03
824,Sistema,9821133800.0,2022-04-04
825,Sistema,9823907300.0,2022-04-05
826,Sistema,9837932200.0,2022-04-06
827,Sistema,9940167900.0,2022-04-07
828,Sistema,9973302300.0,2022-04-08
829,Sistema,9995762100.0,2022-04-09
830,Sistema,10007299900.0,2022-04-10
831,Sistema,9977475900.0,2022-04-11
832,Sistema,9976634600.0,2022-04-12
833,Sistema,9957958700.0,2022-04-13
834,Sistema,9912883200.0,2022-04-14
835,Sistema,9883515400.0,2022-04-15
836,Sistema,9860387500.0,2022-04-16
837,Sistema,9867541500.0,2022-04-17
838,Sistema,9874431600.0,2022-04-18
839,Sistema,9942295300.0,2022-04-19
840,Sistema,10040353900.0,2022-04-20
841,Sistema,10189888200.0,2022-04-21
842,Sistema,10342063100.0,2022-04-22
843,Sistema,10450171300.0,2022-04-23
844,Sistema,10509539600.0,2022-04-24
845,Sistema,10635178700.0,2022-04-25
846,Sistema,10657451000.0,2022-04-26
847,Sistema,10729908700.0,2022-04-27
848,Sistema,10783402500.0,2022-04-28
849,Sistema,10854029100.0,2022-04-29
850,Sistema,10850790800.0,2022-04-30
851,Sistema,10856137900.0,2022-05-01
852,Sistema,10859704300.0,2022-05-02
853,Sistema,10816504800.0,2022-05-03
854,Sistema,10773037500.0,2022-05-04
855,Sistema,10815494600.0,2022-05-05
856,Sistema,10832652300.0,2022-05-06
857,Sistema,11005582400.0,2022-05-07
858,Sistema,11102567900.0,2022-05-08
859,Sistema,11126643400.0,2022-05-09
860,Sistema,11347155600.0,2022-05-10
861,Sistema,11392092400.0,2022-05-11
862,Sistema,11417373100.0,2022-05-12
863,Sistema,11457107100.0,2022-05-13
864,Sistema,11554573300.0,2022-05-14
865,Sistema,11608171500.0,2022-05-15
866,Sistema,11679583200.0,2022-05-16
867,Sistema,11740388900.0,2022-05-17
868,Sistema,11864106800.0,2022-05-18
869,Sistema,12008820000.0,2022-05-19
870,Sistema,12108945300.0,2022-05-20
871,Sistema,12153211500.0,2022-05-21
872,Sistema,12158469700.0,2022-05-22
873,Sistema,12150924600.0,2022-05-23
874,Sistema,12140442200.0,2022-05-24
875,Sistema,12178319300.0,2022-05-25
876,Sistema,12194294400.0,2022-05-26
877,Sistema,12260734300.0,2022-05-27
878,Sistema,12252180600.0,2022-05-28
879,Sistema,12316964000.0,2022-05-29
880,Sistema,12402029000.0,2022-05-30
881,Sistema,12435849200.0,2022-05-31
882,Sistema,12464796600.0,2022-06-01
883,Sistema,12511141200.0,2022-06-02
884,Sistema,12522188600.0,2022-06-03
885,Sistema,12555816100.0,2022-06-04
886,Sistema,12612297600.0,2022-06-05
887,Sistema,12639082000.0,2022-06-06
888,Sistema,12720672000.0,2022-06-07
889,Sistema,12744109900.0,2022-06-08
890,Sistema,12764112200.0,2022-06-09
891,Sistema,12769624300.0,2022-06-10
892,Sistema,12909746000.0,2022-06-11
893,Sistema,13002895200.0,2022-06-12
894,Sistema,13043211000.0,2022-06-13
895,Sistema,13140142200.0,2022-06-14
896,Sistema,13238241700.0,2022-06-15
897,Sistema,13324054200.0,2022-06-16
898,Sistema,13323866300.0,2022-06-17
899,Sistema,13338106700.0,2022-06-18
900,Sistema,13430695900.0,2022-06-19
901,Sistema,13463475100.0,2022-06-20
902,Sistema,13448203600.0,2022-06-21
903,Sistema,13462361300.0,2022-06-22
904,Sistema,13496680700.0,2022-06-23
905,Sistema,13525067800.0,2022-06-24
906,Sistema,13621205600.0,2022-06-25
907,Sistema,13794279100.0,2022-06-26
908,Sistema,13868632300.0,2022-06-27
909,Sistema,13998228600.0,2022-06-28
910,Sistema,14085001300.0,2022-06-29
911,Sistema,14094800100.0,2022-06-30
912,Sistema,14085975200.0,2022-07-01
913,Sistema,14123876100.0,2022-07-02
914,Sistema,14134340300.0,2022-07-03
915,Sistema,14267832200.0,2022-07-04
916,Sistema,14302385600.0,2022-07-05
917,Sistema,14338326300.0,2022-07-06
918,Sistema,14345514400.0,2022-07-07
919,Sistema,14429923500.0,2022-07-08
920,Sistema,14404172600.0,2022-07-09
921,Sistema,14404745200.0,2022-07-10
922,Sistema,14468132500.0,2022-07-11
923,Sistema,14463396500.0,2022-07-12
924,Sistema,14525994500.0,2022-07-13
925,Sistema,14527168100.0,2022-07-14
926,Sistema,14485312400.0,2022-07-15
927,Sistema,14441187800.0,2022-07-16
928,Sistema,14484418600.0,2022-07-17
929,Sistema,14523689100.0,2022-07-18
930,Sistema,14499288000.0,2022-07-19
931,Sistema,14527419000.0,2022-07-20
932,Sistema,14509785700.0,2022-07-21
933,Sistema,14520569200.0,2022-07-22
934,Sistema,14555698700.0,2022-07-23
935,Sistema,14588133900.0,2022-07-24
936,Sistema,14669619900.0,2022-07-25
937,Sistema,14711875900.0,2022-07-26
938,Sistema,14750423200.0,2022-07-27
939,Sistema,14937114800.0,2022-07-28
940,Sistema,15013356600.0,2022-07-29
941,Sistema,15006775000.0,2022-07-30
942,Sistema,15005240900.0,2022-07-31
943,Sistema,15082926000.0,2022-08-01
944,Sistema,15173479000.0,2022-08-02
945,Sistema,15132209700.0,2022-08-03
946,Sistema,15121690600.0,2022-08-04
947,Sistema,15171925200.0,2022-08-05
948,Sistema,15321659100.0,2022-08-06
949,Sistema,15259233200.0,2022-08-07
950,Sistema,15201517200.0,2022-08-08
951,Sistema,15179831200.0,2022-08-09
952,Sistema,15168327900.0,2022-08-10
953,Sistema,15152263300.0,2022-08-11
954,Sistema,15117156800.0,2022-08-12
955,Sistema,15101182100.0,2022-08-13
956,Sistema,15151163000.0,2022-08-14
957,Sistema,15203568900.0,2022-08-15
958,Sistema,15207837300.0,2022-08-16
959,Sistema,15147561600.0,2022-08-17
960,Sistema,15084084600.0,2022-08-18
961,Sistema,15034952000.0,2022-08-19
962,Sistema,15020300600.0,2022-08-20
963,Sistema,15014838600.0,2022-08-21
964,Sistema,15039358100.0,2022-08-22
965,Sistema,14989586600.0,2022-08-23
966,Sistema,14923592000.0,2022-08-24
967,Sistema,14861181400.0,2022-08-25
968,Sistema,14802238300.0,2022-08-26
969,Sistema,14755212100.0,2022-08-27
970,Sistema,14779760000.0,2022-08-28
971,Sistema,14833772400.0,2022-08-29
972,Sistema,14767715700.0,2022-08-30
973,Sistema,14774652900.0,2022-08-31
974,Sistema,14773227600.0,2022-09-01
975,Sistema,14769599200.0,2022-09-02
976,Sistema,14832389900.0,2022-09-03
977,Sistema,14840464400.0,2022-09-04
978,Sistema,14776528800.0,2022-09-05
979,Sistema,14748497500.0,2022-09-06
980,Sistema,14723274900.0,2022-09-07
981,Sistema,14700392400.0,2022-09-08
982,Sistema,14685617000.0,2022-09-09
983,Sistema,14657154300.0,2022-09-10
984,Sistema,14655286200.0,2022-09-11
985,Sistema,14650836600.0,2022-09-12
986,Sistema,14689669100.0,2022-09-13
987,Sistema,14704834600.0,2022-09-14
988,Sistema,14686441300.0,2022-09-15
989,Sistema,14821553500.0,2022-09-16
990,Sistema,14799374100.0,2022-09-17
991,Sistema,14851239700.0,2022-09-18
992,Sistema,14953787500.0,2022-09-19
993,Sistema,14852889100.0,2022-09-20
994,Sistema,14814349400.0,2022-09-21
995,Sistema,14816737000.0,2022-09-22
996,Sistema,14818899400.0,2022-09-23
997,Sistema,14848976100.0,2022-09-24
998,Sistema,14873880800.0,2022-09-25
999,Sistema,14826311600.0,2022-09-26
1000,Sistema,14740650900.0,2022-09-27
1001,Sistema,14650962400.0,2022-09-28
1002,Sistema,14593826200.0,2022-09-29
1003,Sistema,14580285100.0,2022-09-30
1004,Sistema,14831734000.0,2022-10-01
1005,Sistema,14797110000.0,2022-10-02
1006,Sistema,14722337000.0,2022-10-03
1007,Sistema,14673300000.0,2022-10-04
1008,Sistema,14652618500.0,2022-10-05
1009,Sistema,14641289300.0,2022-10-06
1010,Sistema,14658880500.0,2022-10-07
1011,Sistema,14738147700.0,2022-10-08
1012,Sistema,14762610900.0,2022-10-09
1013,Sistema,14741849200.0,2022-10-10
1014,Sistema,14697942000.0,2022-10-11
1015,Sistema,14621680600.0,2022-10-12
1016,Sistema,14559728600.0,2022-10-13
1017,Sistema,14509436900.0,2022-10-14
1018,Sistema,14476805900.0,2022-10-15
1019,Sistema,14515637800.0,2022-10-16
1020,Sistema,14557840900.0,2022-10-17
1021,Sistema,14612920600.0,2022-10-18
1022,Sistema,14682663000.0,2022-10-19
1023,Sistema,14803129300.0,2022-10-20
1024,Sistema,14825744200.0,2022-10-21
1025,Sistema,14890625500.0,2022-10-22
1026,Sistema,14981896100.0,2022-10-23
1027,Sistema,15026499200.0,2022-10-24
1028,Sistema,15053765800.0,2022-10-25
1029,Sistema,15081975900.0,2022-10-26
1030,Sistema,15137077700.0,2022-10-27
1031,Sistema,15265752600.0,2022-10-28
1032,Sistema,15343516800.0,2022-10-29
1033,Sistema,15319710600.0,2022-10-30
1034,Sistema,15253343700.0,2022-10-31
1035,Sistema,15180331900.0,2022-11-01
1036,Sistema,15188946100.0,2022-11-02
1037,Sistema,15204729300.0,2022-11-03
1038,Sistema,15200921900.0,2022-11-04
1039,Sistema,15206060800.0,2022-11-05
1040,Sistema,15245680300.0,2022-11-06
1041,Sistema,15268725400.0,2022-11-07
1042,Sistema,15360228000.0,2022-11-08
1043,Sistema,15443474200.0,2022-11-09
1044,Sistema,15530063400.0,2022-11-10
1045,Sistema,15530622000.0,2022-11-11
1046,Sistema,15571689500.0,2022-11-12
1047,Sistema,15634978500.0,2022-11-13
1048,Sistema,15649798000.0,2022-11-14
1049,Sistema,15621985700.0,2022-11-15
1050,Sistema,15573889200.0,2022-11-16
1051,Sistema,15508502900.0,2022-11-17
1052,Sistema,15492948600.0,2022-11-18
1053,Sistema,15449277200.0,2022-11-19
1054,Sistema,15427617600.0,2022-11-20
1055,Sistema,15383039200.0,2022-11-21
1056,Sistema,15381309000.0,2022-11-22
1057,Sistema,15377832000.0,2022-11-23
1058,Sistema,15376968300.0,2022-11-24
1059,Sistema,15350888100.0,2022-11-25
1060,Sistema,15357140800.0,2022-11-26
1061,Sistema,15385472700.0,2022-11-27
1062,Sistema,15436094100.0,2022-11-28
1063,Sistema,15505956700.0,2022-11-29
1064,Sistema,15533013000.0,2022-11-30
1065,Sistema,15635155200.0,2022-12-01
1066,Sistema,15581201100.0,2022-12-02
1067,Sistema,15556761800.0,2022-12-03
1068,Sistema,15554826500.0,2022-12-04
1069,Sistema,15531531500.0,2022-12-05
1070,Sistema,15507357500.0,2022-12-06
1071,Sistema,15490970800.0,2022-12-07
1072,Sistema,15502647100.0,2022-12-08
1073,Sistema,15465464100.0,2022-12-09
1074,Sistema,15423000900.0,2022-12-10
1075,Sistema,15409333100.0,2022-12-11
1076,Sistema,15390593200.0,2022-12-12
1077,Sistema,15343631000.0,2022-12-13
1078,Sistema,15289323700.0,2022-12-14
1079,Sistema,15236134400.0,2022-12-15
1080,Sistema,15175113100.0,2022-12-16
1081,Sistema,15128451300.0,2022-12-17
1082,Sistema,15097793200.0,2022-12-18
1083,Sistema,15041048400.0,2022-12-19
1084,Sistema,14968284100.0,2022-12-20
1085,Sistema,14907294400.0,2022-12-21
1086,Sistema,14826945100.0,2022-12-22
1087,Sistema,14742344300.0,2022-12-23
1088,Sistema,14690121700.0,2022-12-24
1089,Sistema,14671450100.0,2022-12-25
1090,Sistema,14624306500.0,2022-12-26
1091,Sistema,14584307400.0,2022-12-27
1092,Sistema,14529442600.0,2022-12-28
1093,Sistema,14457775900.0,2022-12-29
1094,Sistema,14401277500.0,2022-12-30
1095,Sistema,14380934400.0,2022-12-31
